{"cameraMode":{"drawMode":0,"name":"Shaded","section":"Shading Mode"},"sceneLighting":true,"audioPlay":false,"sceneViewState":{"m_AlwaysRefresh":false,"showFog":true,"showSkybox":true,"showFlares":true,"showImageEffects":true,"showParticleSystems":true,"showVisualEffectGraphs":true,"m_FxEnabled":true},"in2DMode":false,"pivot":{"x":0.10621023178100586,"y":-0.041626811027526858,"z":11.931024551391602},"rotation":{"x":-0.08310703933238983,"y":0.9109702706336975,"z":-0.22612780332565309,"w":-0.3348020613193512},"size":0.8660253882408142,"orthographic":false}