{"cameraMode":{"drawMode":0,"name":"Shaded","section":"Shading Mode"},"sceneLighting":true,"audioPlay":false,"sceneViewState":{"m_AlwaysRefresh":false,"showFog":true,"showSkybox":true,"showFlares":true,"showImageEffects":true,"showParticleSystems":true,"showVisualEffectGraphs":true,"m_FxEnabled":true},"in2DMode":false,"pivot":{"x":1.6547908782958985,"y":1.2350211143493653,"z":1.37155282497406},"rotation":{"x":-0.10809667408466339,"y":-0.0038797713350504638,"z":0.00042161878081969917,"w":-0.9941303133964539},"size":32.13161087036133,"orthographic":false}